user1, user2
177,1569
1384,2925
240,830
1826,2287
947,2189
2539,2837
1439,2287
607,2156
80,2287
839,2480
653,2458
676,1090
819,2641
493,1508
2738,2806
351,2769
257,2787
141,959
371,1889
131,2672
676,708
43,676
115,1547
2124,2156
883,1980
204,2156
960,1618
872,2622
1154,2949
606,2156
2287,2473
114,1018
634,1246
2171,2357
581,1446
1054,1425
1166,2386
1134,2132
875,2156
118,217
1332,2482
724,2156
653,835
2496,2574
678,1245
1270,2156
635,1723
1528,2123
529,1527
482,2243
541,1708
492,2998
1759,2216
1924,2859
1342,1405
676,687
1565,2980
2034,2488
653,2066
710,2223
388,925
461,2646
1176,2116
86,549
413,1486
1015,2719
121,214
1086,1392
2088,2327
1392,1728
1004,2291
1527,2677
522,2712
291,1230
2165,2672
2427,2970
1015,2970
1399,1702
2018,2279
1710,2943
664,2614
638,2220
2287,2630
936,2103
162,2745
2572,2694
1188,1682
2035,2769
814,2646
2156,2973
1084,2604
1366,2597
1262,2287
1015,1342
638,2852
676,2381
131,155
679,2156
1154,2652
1972,2266
1364,2156
364,579
358,676
257,1578
18,2873
1380,1778
117,1289
2156,2194
1789,2106
2373,2507
600,2267
2032,2327
2791,2906
1747,2833
1138,2365
783,2189
1161,1244
1558,1571
108,394
676,1294
163,2374
303,2357
1138,2150
925,2365
713,2156
743,1962
909,1188
2840,2845
739,2306
425,1486
653,2253
1433,2862
770,2698
432,1367
2572,2769
173,853
1707,1972
876,1663
966,1001
431,2093
2156,2961
926,2223
1808,2667
1789,2172
460,1475
1532,2622
71,2931
676,1727
1930,2223
1972,2898
364,499
1015,2807
107,158
1023,1975
1122,2710
461,1506
747,2275
965,2156
2176,2949
1345,2111
1423,2974
1834,2078
2783,2866
1757,2173
990,2673
619,2380
553,605
340,2384
749,1339
2025,2696
669,1366
1646,1771
936,2519
29,1225
1506,1979
2159,2287
129,2605
653,894
170,1015
2189,2437
1757,2737
1979,2353
653,903
1650,1908
676,1817
2118,2177
1628,2189
2714,2815
631,1903
889,2088
1018,1281
69,2795
772,1768
2287,2847
258,2075
873,1152
2189,2854
710,2577
395,2156
522,2185
1042,2859
388,1769
482,1768
1182,2156
882,2488
1418,1752
1141,2287
320,529
86,1399
588,1015
638,2625
676,1040
159,2272
363,1714
588,2111
889,1914
2151,2656
1520,2862
2119,2873
1310,2287
2385,2494
1246,2943
1737,2398
106,545
1217,2605
1144,1514
1727,2156
2788,2815
387,961
2137,2461
1434,1618
791,1908
412,2216
145,148
1244,1304
1939,2075
990,2088
1962,2671
1047,2189
1342,2672
653,1817
1716,2189
2951,2956
698,1972
103,2172
240,1901
960,2815
450,2951
1908,2544
2156,2157
579,1281
2385,2571
1062,2624
1896,2659
405,904
1384,2237
2156,2360
1034,1839
1836,2305
2073,2832
898,2111
696,1018
2332,2949
964,1463
1635,2745
1094,2148
2189,2819
2016,2156
678,901
1281,2220
494,1483
2788,2803
758,1433
1007,2156
228,653
1062,2917
676,1511
257,1335
676,978
1575,2026
605,1206
1757,2151
529,2553
1062,1575
388,2150
413,1979
1612,2605
901,2943
2150,2151
1611,1617
45,605
290,606
388,1545
765,2970
920,1901
71,1433
1991,2633
512,1318
103,340
678,2539
1069,1247
46,1865
2156,2358
915,1121
1768,2310
1552,2407
640,676
148,2403
1129,1149
1028,2156
1497,2386
1971,2539
77,1273
522,1171
1839,2385
1169,1457
796,2691
148,1283
1617,2624
678,960
1183,1729
1664,2156
304,2454
63,186
265,2597
296,1374
653,2668
781,915
232,1062
1506,1757
209,752
366,653
388,1366
2165,2384
132,752
1790,2156
439,1728
2189,2379
440,874
1349,2287
258,1069
1176,1708
117,2873
515,1627
997,2287
1575,2832
1793,2787
2151,2622
79,2506
320,1527
2165,2993
1392,1434
1757,2571
1733,2914
1972,2995
1154,1507
527,1140
1060,2287
156,2741
791,2545
676,2702
327,605
1271,2156
507,2090
1246,2150
236,1425
1425,2750
1390,2287
857,1281
1078,1783
1979,2178
145,146
914,2184
792,1102
1759,1788
512,522
1069,2835
1428,1457
925,1342
232,2019
1252,2156
2613,2635
341,2156
534,1033
1854,2673
2156,2168
331,2626
406,1284
307,2717
1759,2743
531,2287
2461,2912
1342,1650
1710,2269
399,2705
1609,2800
1099,2943
1936,2156
1758,2545
579,2970
523,2189
989,2747
1086,1162
468,859
1259,2053
1123,1149
346,2457
678,1244
2292,2905
251,522
1334,1850
1462,2541
914,2731
1580,2784
1693,2667
1111,1540
1656,2218
115,1768
1399,1524
2804,2806
522,1877
522,734
140,2156
148,374
1017,1106
1366,2407
1940,2864
2156,2765
561,588
111,2528
653,2038
570,2156
430,2287
1061,2952
186,2596
321,2287
2279,2902
177,1763
1015,1635
1247,1443
1979,2407
1562,2429
1162,1244
2097,2418
1076,1205
846,2986
807,1065
763,2330
925,1426
2144,2859
756,2189
769,2156
413,553
1655,2032
131,2888
637,1192
804,2472
842,2951
131,2943
1165,2156
1979,2696
1154,2888
1122,1778
1176,2949
849,1367
1728,2220
2189,2847
1443,2671
170,2427
2759,2993
25,600
670,1032
374,385
340,1834
653,1539
790,2189
1335,1497
1808,2785
591,676
605,1497
2053,2951
857,2835
653,2770
1460,2769
1459,2964
1499,2451
155,1015
848,1614
18,424
1317,1441
1515,1610
1618,2815
1287,2999
346,651
2616,2940
938,2424
1259,2008
1971,2167
534,2714
424,2026
1411,2287
155,1061
2582,2798
972,2750
676,1183
2220,2348
522,1431
588,2291
1425,1503
588,2835
490,982
2652,2672
394,2255
155,2951
676,1257
872,1392
2357,2924
642,676
522,1667
961,2242
193,2189
815,1209
2384,2411
462,2189
1161,1166
119,2156
1246,2993
522,1051
243,299
71,2411
493,982
2158,2611
1318,2241
1359,1897
850,2936
566,2873
920,1613
221,253
493,2119
1869,2287
1330,1498
1076,1566
148,164
155,874
1710,2888
355,1563
490,696
2088,2172
742,1335
1836,2974
1150,2710
1972,2447
1962,2407
45,1710
1570,2798
112,2287
676,2371
2310,2388
2581,2819
1504,2783
791,2888
210,2156
1514,1642
422,676
710,2523
1322,2269
1405,1979
1035,1433
676,1468
379,872
121,224
950,1508
1342,1443
653,2522
187,622
1671,2395
1112,2328
257,676
155,1289
1434,2776
1299,1761
1112,2653
1550,1764
2040,2165
258,2539
129,2316
413,2697
204,522
676,2206
1148,1778
1532,2116
1979,2112
699,1952
2156,2879
832,2291
30,1509
351,2471
1665,1939
131,990
2420,2943
1553,2156
963,1267
611,891
152,676
676,900
579,1162
76,388
71,1480
1699,2282
133,2189
95,2407
209,1553
676,2231
1471,2005
2001,2095
271,2486
275,2303
516,2900
2088,2365
328,2054
625,762
422,2156
676,2749
1994,2651
1618,2892
1342,2993
412,882
1510,2846
718,1981
1979,2574
388,1166
1216,2119
2223,2604
1205,2656
579,1015
676,1165
1617,2241
1003,2156
676,1465
484,2189
1247,2385
2714,2901
80,1312
1690,1995
1004,2156
364,379
1532,2398
788,2287
990,2008
583,2957
270,1204
79,891
809,2156
103,2610
2189,2759
2049,2156
2296,2813
131,2302
1389,2310
487,1081
676,2703
1617,2614
943,1984
490,2616
522,1252
1999,2901
1765,1952
1345,2952
1778,2962
534,2477
1138,1433
1148,1380
858,1273
351,447
6,2156
1061,2354
1015,2788
1349,2156
1040,1482
3,1972
2095,2573
1794,2287
1447,2837
155,1084
1750,2189
478,1627
388,2654
1123,2727
155,2629
874,2654
99,2972
653,1396
1333,2542
1003,2757
1162,2111
258,579
1084,1244
526,1882
1628,2561
307,1403
2693,2949
2112,2385
653,2951
1422,1575
1720,2428
1789,2189
676,1988
1677,2287
193,1337
2339,2596
815,2287
413,2951
763,1946
258,1970
587,676
608,2292
634,2862
2684,2880
445,2292
1154,2327
1424,2123
146,2279
738,1097
1279,2776
1979,2075
2287,2371
1425,1757
132,1288
811,2265
1342,1392
77,739
170,678
2086,2471
2123,2302
674,1437
1342,2008
8,512
2629,2943
2332,2803
676,876
228,2765
155,1528
92,1962
2314,2783
2223,2839
1488,2636
1690,2143
653,1963
1366,2119
1433,2032
1007,2287
1367,2105
1084,2951
1982,2357
81,2341
1046,1586
155,2111
2018,2892
898,1084
2143,2189
258,716
1034,2678
1773,2774
1030,2588
756,2822
1824,2156
1655,2862
155,170
93,1671
440,1443
242,2207
1151,1469
1531,1757
1945,2479
926,1623
2111,2178
30,1977
1389,2586
742,2026
79,1527
135,376
388,1297
1789,2151
85,1065
676,2840
499,765
676,838
676,1630
1309,2156
588,1162
1015,1797
710,1930
1345,2625
1789,2429
534,2156
460,2557
824,1342
653,1109
255,2813
1494,2020
1244,1289
316,1972
658,2396
1049,1360
344,522
1425,2596
1759,2156
1246,1617
2155,2216
499,1084
31,1528
823,937
1186,2287
1207,1922
950,1145
1917,1952
611,2451
893,2287
819,2745
834,1128
1018,2178
1962,2675
1084,2539
1006,2287
1829,1907
522,1907
2411,2685
1107,1928
126,2287
1657,2189
2008,2386
438,2189
960,1289
2788,2993
388,1037
2125,2287
778,1450
1034,2087
265,1031
1481,2287
716,2539
1362,2483
186,2316
1018,2353
522,2950
388,2911
1366,2943
971,2189
653,1024
742,1929
865,2410
375,676
1884,2189
614,2725
1366,1528
233,1222
2072,2705
186,1896
1531,1962
874,2656
1999,2804
1252,2189
653,1291
282,687
555,1313
1762,2053
676,738
530,2190
676,2174
327,2386
30,974
534,2970
202,653
669,2604
1488,1726
2385,2656
630,2523
1921,2189
1861,2287
251,2982
579,2649
1216,2696
1506,2927
294,2713
1049,1656
2835,2970
1553,2287
1015,2111
926,1693
249,2151
99,674
1174,2600
1679,2156
857,2172
231,1069
1084,1086
2435,2684
823,1642
2189,2742
2690,2857
413,2943
1512,1965
257,2624
1280,2156
1074,2951
155,1069
2694,2833
2189,2765
1057,2452
131,340
1086,2970
1443,2411
1007,2600
388,2151
2156,2257
8,1581
1802,2702
2287,2478
81,2626
1745,2740
1586,2578
2189,2285
81,2380
1770,2031
129,2113
522,1967
132,534
1424,1443
2259,2496
939,1221
258,925
518,1012
857,2951
68,1540
2220,2943
1425,2113
151,1972
111,689
1379,2181
1069,1433
676,2669
2310,2480
1034,2539
257,2494
86,2720
927,1385
381,2794
36,2026
127,1697
645,918
765,2951
2163,2970
1555,2951
588,1069
664,2263
2100,2235
652,1660
1112,2783
1384,2824
1015,1345
1095,2235
765,2654
1500,2494
653,945
1297,1545
11,1231
2156,2630
798,1003
566,2119
902,1976
425,550
1979,2087
2189,2734
346,1817
1549,2189
1034,2651
1424,2017
2694,2815
733,2189
186,2258
676,2838
579,2943
460,2144
375,522
708,2287
498,597
322,2427
1585,1810
1665,1710
2039,2832
1488,2269
2192,2935
522,1838
1379,2386
1297,1623
1697,2189
1322,2002
2287,2517
902,2427
874,2113
1122,2201
1962,2386
550,1885
655,2292
1112,1752
942,994
1190,2214
1443,2503
2287,2450
550,2701
972,1442
2292,2346
982,2622
198,387
1547,2165
233,300
763,1015
922,2156
104,2026
536,2539
1155,2235
203,2782
381,1138
115,2172
676,2686
1700,2793
2088,2385
310,1068
1264,2087
440,2418
2052,2400
516,635
676,1777
753,1202
565,1974
925,1914
1034,1575
178,1037
2001,2002
1486,1540
1623,2164
137,1335
653,788
335,808
1263,2156
103,990
1979,2090
1693,2554
413,1015
71,990
1137,2314
579,2412
2161,2360
2107,2494
1458,2275
1062,2835
2640,2705
1305,2714
1392,2365
820,2705
1671,2904
1013,1037
249,1545
572,1068
558,2189
522,2233
1010,1283
1638,1693
2290,2920
490,2500
2157,2287
327,832
1018,1971
1138,1224
11,1046
898,990
1626,2189
480,485
676,2845
1493,2347
1149,1254
1246,1342
264,2493
249,1342
356,1114
1799,2595
873,1937
142,2866
676,2157
785,1210
1584,2156
579,2835
146,164
2327,2759
781,2033
132,2597
1166,1564
1034,2420
186,490
77,2627
1650,2428
673,1508
2539,2812
2672,2852
1971,2113
307,2232
1587,2320
2034,2155
237,2864
1661,2156
2156,2699
900,2156
1342,1655
1037,1433
2189,2998
1248,1600
389,1449
2434,2591
1016,1342
1987,2954
1035,2119
1989,2287
1150,2788
857,1015
699,2156
1545,1552
1528,2150
678,1549
450,1086
1154,1979
906,2115
674,2723
1547,2162
537,2266
1034,2102
1353,2189
1839,2151
28,804
364,874
1247,2158
2428,2596
942,2769
2123,2624
388,2694
131,1545
2082,2779
441,2189
2365,2539
1062,1797
1962,2213
602,2189
605,2217
588,2649
239,574
2189,2859
364,2167
1341,2189
512,2292
2035,2424
2069,2156
1177,2189
990,1287
482,501
2057,2737
1291,2156
2061,2156
834,1819
1430,2994
58,2446
413,1244
1015,1245
178,1289
1894,2287
653,885
1310,2156
676,2875
1122,2694
396,1838
2445,2618
2257,2985
148,2021
186,1093
257,1729
658,2385
1623,2259
986,1095
206,650
2189,2512
522,936
155,898
2094,2762
217,676
47,779
676,2135
898,1015
1564,1771
2172,2220
260,2466
1197,2189
632,2198
1149,2099
1500,2614
1730,2156
304,494
1602,1919
2173,2994
1335,2970
103,2259
653,1852
500,522
1151,1756
398,1463
522,1232
1242,1272
2083,2189
97,2645
246,1578
676,1333
1693,2112
374,1749
231,2750
1249,2679
1977,2694
168,1010
1962,2380
522,1553
258,2449
1840,2235
874,1205
1319,2936
327,990
1230,2637
1279,1728
1443,2994
506,1376
579,1246
84,562
763,1166
1381,2624
960,1509
2137,2189
901,1358
2327,2597
1,1102
793,2796
2852,2862
53,2189
2265,2953
1459,2895
1637,2692
1720,2500
1009,2291
2702,2967
185,2835
311,2399
605,1335
1330,1629
1216,1246
315,516
1144,2699
1296,2892
1205,1749
980,1934
1305,1392
1124,1137
1618,2776
1482,2778
1712,1752
676,1177
1517,2614
2287,2511
1905,2765
2054,2674
938,2119
1606,2156
450,678
1610,1918
21,1785
870,1022
765,1015
1927,2156
1345,1358
634,1018
257,1405
1247,2384
1464,1660
1153,1757
295,653
676,2593
1247,2787
1342,1545
2189,2882
676,1931
2129,2189
388,2467
307,1921
553,988
444,1671
1901,2957
1575,1630
1979,2678
153,2392
381,630
1599,1757
81,2088
676,1586
611,2915
952,2405
1891,1915
2113,2654
1061,2075
439,1505
1015,2914
1397,2713
1171,2287
2673,2952
911,1754
2076,2810
1975,2752
2223,2614
487,1186
791,1979
86,1589
170,579
131,498
264,548
579,678
2676,2864
1084,1289
590,1501
1384,1849
2123,2597
131,1154
255,979
872,960
71,814
1778,1949
18,1509
407,881
2697,2832
547,676
466,1796
1342,2737
1693,2654
1383,2440
2852,2952
1671,2231
1021,1962
2087,2471
676,854
498,1145
1112,1319
2327,2385
81,1638
262,747
676,2919
1054,2571
2788,2901
327,2727
857,2111
148,385
2694,2970
1137,1646
1296,2597
1016,2888
676,1876
2597,2719
555,578
898,1161
727,1610
1127,2156
1062,2223
1291,2287
2073,2399
1061,1244
1413,2070
1380,1752
1257,2287
2103,2156
448,1457
1279,2943
522,2668
2835,2943
2423,2611
994,2001
964,1564
50,1403
168,1939
2354,2411
150,559
1545,1566
100,2287
676,2515
605,1839
1506,2385
499,553
2116,2584
152,631
2,2908
683,966
464,2287
579,1392
474,1769
145,374
1786,1901
676,821
1946,2454
719,2287
590,848
1319,1729
964,2302
92,1757
233,653
351,2832
262,2683
2151,2494
1905,2189
115,1124
1335,2787
1693,2088
1803,1976
1933,2189
374,2901
604,676
653,769
381,669
569,2797
1463,2747
522,1197
791,2385
2156,2924
686,2440
2013,2023
331,2956
331,619
115,1137
2156,2793
1380,1404
2535,2619
255,259
676,2585
676,1343
1962,1972
1323,2287
122,1763
1693,2205
584,1305
2073,2961
148,1532
169,1627
2156,2448
258,2902
298,2189
676,2958
653,2511
812,2492
1677,2930
2427,2943
676,2963
819,2813
481,2436
89,1504
2156,2932
1545,2151
2032,2862
2287,2706
162,1035
787,843
765,1433
1586,2700
696,1015
1015,2694
1245,2189
579,1084
605,863
1247,2994
1086,1244
30,968
1206,1433
2622,2624
2684,2892
114,2089
1503,2943
2497,2937
892,2156
1089,2156
1511,1574
115,2425
574,1315
2017,2999
2629,2892
925,1062
209,2538
364,2943
220,2287
1296,2794
1862,2529
2167,2943
14,2292
232,2943
128,2655
242,1551
5,676
440,2384
1208,2189
653,2887
1154,2411
1154,1789
1517,2112
1335,2084
2133,2605
2616,2917
1246,2302
1434,2970
2253,2287
1358,2951
247,2353
1841,1972
1187,2361
1728,2970
1037,2970
676,1089
1279,1392
1789,2615
531,676
653,869
763,925
916,1805
2864,2900
2287,2357
1366,2173
155,579
45,1693
1345,2019
624,2918
364,490
106,2189
1967,2156
2401,2562
250,832
229,1747
413,857
264,2189
2647,2737
263,2387
36,137
1016,1154
376,676
1632,2156
1120,1371
1566,2411
380,764
155,872
2184,2838
676,1784
388,1216
1294,2156
492,2189
676,963
30,379
386,643
1154,1443
413,872
2833,2943
1091,2189
669,2150
676,1252
2261,2697
765,2815
1979,2102
2807,2815
2156,2585
553,2970
246,2002
416,2994
364,2654
978,2189
889,1728
413,2869
2652,2994
529,2470
1446,2908
2629,2951
1514,2699
543,1142
2178,2888
1443,2165
824,1608
1532,2261
866,2510
107,1061
1447,2951
791,1509
1545,2385
307,859
1035,2314
1305,2597
341,2945
490,2008
162,1634
1671,2295
2314,2745
653,2996
2885,2970
1552,2869
1430,1908
1225,2001
236,2696
2421,2744
1552,2769
13,2090
187,2500
1994,2201
257,2993
653,2922
440,1021
1042,2038
2189,2527
872,2539
991,2794
258,1061
2090,2597
676,1393
1817,2287
647,1464
990,2113
876,2287
1322,2636
141,2600
2279,2636
2471,2750
1634,2962
45,1342
522,1815
1474,2709
1135,2813
1424,1536
1728,2494
232,926
1107,2148
1515,2564
1914,2888
2084,2970
416,2671
1996,2755
86,2189
2637,2997
81,1419
2332,2804
872,2088
1421,1630
522,2662
128,605
1476,2093
522,838
1196,1211
525,991
2836,2946
1804,2693
1034,1164
461,2102
354,2156
820,2567
1366,2102
2398,2835
1139,1759
1085,2766
676,2092
762,1598
1456,2493
1762,2993
417,2189
131,2652
177,2292
423,2943
463,2528
872,2629
364,1433
1909,2795
872,2970
140,676
675,2287
1269,2526
522,2842
294,1412
1370,2813
1682,2073
363,2041
676,1085
480,2792
623,2439
1590,1985
11,905
1852,2287
146,1425
2189,2766
259,537
1176,1532
499,763
1088,2156
676,1320
2283,2705
588,1392
925,1304
703,2184
1001,2167
894,1027
522,719
413,588
1281,2427
357,1317
2287,2749
2083,2737
676,2450
1125,1235
1246,1506
242,2187
138,1273
717,2443
1342,2113
901,925
45,1370
633,2189
236,2927
925,1015
2586,2993
676,2369
198,643
1234,2034
1247,2327
853,1975
367,2551
366,2189
338,2330
416,2356
696,1054
636,653
793,2975
653,2847
1531,2411
522,2338
968,2678
899,2148
522,798
239,2184
1803,2156
490,534
1130,1858
257,1575
612,2912
579,716
1699,1762
362,1108
1216,2113
2018,2461
1247,2672
514,2048
1149,2694
1586,2287
390,2254
128,2862
516,2908
676,1126
2453,2876
408,1298
2261,2892
2287,2456
676,1253
102,2622
2272,2863
419,2189
813,2093
1398,1504
853,1581
2940,2949
1497,1731
2099,2235
1076,2411
579,1549
727,1324
168,2116
494,2251
1021,2341
1297,1483
1107,1781
1545,2656
131,258
2323,2576
2156,2253
2377,2743
1517,2181
743,2710
2288,2831
426,1796
676,739
676,1872
389,2547
1037,2629
938,1154
388,1164
795,1896
1517,2993
910,2254
442,2461
2815,2832
327,1404
1258,1452
1045,1152
2287,2297
795,2659
1693,2993
1065,1100
236,449
1062,2839
676,1829
1387,2119
447,1507
1455,2235
928,2150
458,1671
2411,2843
2398,2536
872,1304
231,716
1220,1652
584,2954
2385,2993
265,425
653,815
1026,2292
68,1416
1256,2554
1373,2302
1812,2302
237,382
1205,1509
2428,2477
676,1276
1541,1977
819,2962
1357,1458
2189,2219
1358,2970
1324,1759
82,2287
874,1001
1054,2189
490,795
2192,2931
366,522
925,1728
88,1693
325,666
970,2785
1143,1595
819,2987
1274,2140
546,1217
482,1506
1935,2696
590,1034
1410,2156
497,505
1126,2287
2039,2287
1211,1556
1122,1135
2279,2911
2112,2885
1815,2287
1529,2189
132,2531
2189,2861
1150,2279
209,2287
1312,2719
2605,2641
237,2633
373,2189
204,2287
1905,2528
1872,2156
957,2689
2332,2943
1236,2286
1207,2672
2075,2629
2574,2914
2156,2706
117,2428
569,1743
1979,2654
580,2756
1273,2147
1345,1507
1737,1757
4,2921
265,1704
1618,2803
1589,1610
1388,2917
752,2804
525,2769
443,2727
148,1176
2018,2697
1086,1345
738,2078
1962,2302
1481,1816
1015,2427
834,1718
1419,2652
2156,2450
579,1074
1016,1034
1246,2365
2471,2494
103,2163
1575,2365
1979,2302
1189,2927
319,557
391,637
2189,2234
1124,1460
525,2987
1001,2654
1762,2586
2088,2943
857,1162
1396,2287
1907,2156
1914,2302
129,1720
36,2332
631,2391
146,2269
7,1475
2525,2902
199,2229
742,1986
412,2377
676,2126
1002,1687
375,1995
1146,1671
199,2548
772,1342
1443,2243
340,440
669,2665
170,258
1287,2892
2156,2318
1541,2108
454,2373
45,2672
1988,2189
2186,2189
1225,1299
1695,1972
139,1932
1668,2156
2292,2800
2775,2804
2387,2510
925,2095
1541,2119
228,2156
2156,2833
1490,1606
218,2495
531,2156
1078,2189
1600,2156
522,1630
658,1272
1115,1493
579,1358
653,1876
26,101
1443,2943
265,2594
2156,2463
585,2407
1552,2832
84,2899
2124,2768
1665,2020
1981,2328
1460,2667
1970,2113
530,1067
71,2110
1244,2970
530,1901
676,2204
1219,2589
2449,2951
1170,2287
2673,2750
718,2756
696,2952
1244,1447
960,1749
2365,2952
1742,2287
676,835
885,2287
600,2199
795,2428
1671,1860
429,2762
366,2156
676,1664
1611,2665
1076,1881
1160,2189
631,2608
418,2227
2189,2592
187,863
152,522
2032,2088
262,1197
763,1447
1015,2951
1342,1425
1122,1322
993,1230
1780,2890
1733,1930
401,2156
262,2754
503,646
1558,2802
1326,2189
1434,1506
2180,2189
2102,2605
1848,2287
131,2365
1747,2943
1566,1770
678,1728
1693,1710
361,2203
324,676
1623,2235
1257,1836
64,1339
1145,2694
1062,2715
2735,2775
209,653
1976,2018
1186,2156
1816,2156
1729,2112
1192,1460
1399,1585
358,2287
1392,2629
1434,2629
1490,1554
2156,2347
1015,1752
653,2357
6,829
1562,2554
2062,2156
117,1720
1021,2002
741,1692
1331,1698
1389,1623
2090,2652
475,2156
1243,2625
664,1358
153,1305
2647,2648
605,1154
534,1387
183,2156
1380,2750
2066,2287
1366,2794
1577,2677
592,2156
483,905
1612,2588
1630,2862
131,1962
1509,2291
1013,1084
2088,2407
295,676
131,257
994,2002
1621,1712
1386,1705
1503,2025
696,2131
653,1465
1342,2494
2102,2384
1009,2902
40,1503
765,874
1206,2032
41,1972
2122,2287
1305,1747
169,2568
588,2970
1351,1506
1150,1246
844,2697
579,1086
1540,2154
477,2359
279,513
1109,2845
422,653
2,2864
1150,1228
231,925
374,2750
1358,2164
498,1460
352,2684
209,1757
1140,2994
209,2327
1597,2189
1398,2970
769,2287
899,2143
115,814
392,1082
653,2722
2287,2515
1986,2685
1048,2127
493,1137
522,2077
117,2558
867,2314
791,1693
1789,2673
55,2287
859,1709
912,2287
2156,2871
39,2038
1061,1434
155,2835
2196,2287
251,1055
215,1408
120,2189
388,413
311,1283
873,2287
44,2431
978,2156
676,1163
1574,2156
141,2635
653,1130
89,1447
455,522
1971,2943
1247,1366
2696,2769
1609,1678
1017,2287
447,2073
1729,2035
653,1045
398,1424
1677,2483
1342,1419
376,522
1138,1419
949,1671
258,2407
1224,2151
791,2554
2156,2716
676,2468
1380,2673
1979,2217
155,1244
874,1076
155,1434
972,2949
447,2636
1237,2024
676,1574
1572,2327
1914,2507
959,2613
313,2303
863,2615
1788,2377
566,1236
2254,2292
2860,2896
382,516
676,895
1994,2735
1051,2156
196,2044
2075,2178
1305,2403
2993,2995
1655,2217
1273,2309
676,2239
1396,2156
2596,2685
28,2173
114,2885
194,2287
721,1243
1597,2162
212,2522
1552,2425
520,2173
326,2556
1825,2841
683,2852
2693,2735
1124,1150
791,872
1051,2954
115,2040
71,1693
751,794
1423,2287
1901,1933
1646,2029
395,653
2279,2833
1342,1962
522,1044
30,2629
1197,2805
1034,1419
1649,1939
665,2189
66,653
2313,2709
246,2095
389,2407
923,2291
522,963
1335,2584
1003,1606
693,2156
676,2358
1986,2873
588,1433
155,1246
676,2287
181,676
1154,2354
155,1062
1729,2088
1335,1433
970,2624
1443,2496
1336,1721
691,2546
634,1154
1314,2287
590,2993
990,1419
1345,1392
819,1380
615,653
2629,2776
2156,2661
1581,1972
229,2962
1757,2102
28,1463
853,2393
788,2156
2384,2949
175,1514
1670,2978
482,2302
1207,2654
1517,1979
467,2292
684,717
2167,2951
1034,1507
2365,2888
534,863
2088,2279
676,2698
115,2181
1247,1289
988,2625
2156,2857
2102,2184
1138,2646
214,1940
1003,1796
630,2385
1032,2287
206,821
505,1878
1682,2423
166,2102
1034,1342
29,2002
2095,2694
433,1073
2095,2648
1040,1887
566,909
891,2583
2545,2779
1572,2718
1443,2119
872,2596
1608,1611
652,2397
170,2075
151,2222
1623,2523
461,2150
653,1448
1342,1370
1443,1768
522,2971
424,2385
379,1013
2113,2940
392,2002
214,812
579,588
1994,2697
1112,1837
1299,1650
772,2119
1283,2019
388,1463
664,2236
1550,1964
653,1395
1142,1595
246,392
153,2287
185,1986
98,639
1300,2189
1979,2735
16,819
1970,1979
791,1501
1018,2151
141,1009
2017,2471
117,2560
1122,1149
678,872
439,1188
1546,2540
499,1037
2458,2478
550,1576
763,1244
2287,2311
45,990
1392,2693
1283,2269
566,2970
2477,2917
1783,2082
1114,1646
540,2255
18,1205
412,2260
1680,2189
2018,2949
10,1223
351,1021
1528,2173
1566,2385
653,1872
1447,2832
178,1434
2073,2624
861,881
1441,1906
1166,2494
2189,2601
1015,1398
262,534
1979,2151
351,2697
1433,2759
529,1499
131,2427
522,2552
1304,2807
1166,1426
1122,2269
153,2383
1475,2287
676,2268
2189,2246
1993,2952
331,2870
2189,2880
490,1236
258,898
1991,2581
2585,2844
170,791
552,2156
968,2624
685,1148
1962,2710
604,2156
696,1034
980,1843
1317,1906
510,725
15,2123
995,2110
2573,2610
1056,2156
605,2178
1566,2151
1176,2223
579,2427
1934,2918
989,1972
1038,1976
832,2610
815,2645
676,885
480,804
1176,1562
514,559
1839,2993
1018,2088
2151,2385
2000,2445
2156,2749
1247,2685
2471,2835
45,2088
701,2156
1366,1797
863,2970
2697,2833
201,1801
388,1771
1360,2327
16,2235
2608,2739
1015,1486
499,1392
51,2739
1114,1752
1979,2286
1212,1492
2494,2624
2118,2189
757,2322
1335,2715
522,755
271,854
565,2051
2365,2651
2952,2956
653,2621
2089,2852
412,1324
2612,2798
1945,2101
2189,2968
777,1981
676,733
1342,2496
1595,2500
990,2385
595,2335
1925,2093
2007,2558
758,1018
887,1207
591,2156
1122,2727
2156,2228
964,2494
716,1623
2233,2623
2385,2411
1236,2119
791,1839
1114,1137
676,1349
1000,2287
631,1570
925,2970
180,1709
898,2427
1366,1757
499,2418
258,2111
1026,2485
1086,2075
1728,2943
676,1394
902,2807
461,686
1426,1770
653,2945
352,1614
1216,2738
351,1424
2696,2775
2275,2991
732,1671
874,1099
716,2951
676,713
1656,2156
621,1340
990,2652
1037,1392
1018,1979
482,1366
699,1988
1205,2625
620,1368
98,2189
791,1016
2012,2793
1995,2143
132,2787
2156,2890
1480,2885
467,691
2229,2287
676,2773
2181,2652
676,1716
1970,2803
541,1400
2418,2685
1424,2616
2156,2515
142,1508
1021,1611
1211,2156
937,2270
836,2189
364,2815
354,676
385,2588
605,2008
2327,2888
1634,1812
1046,2799
763,1074
1979,2652
653,2907
416,2652
1610,1788
2503,2646
1218,2666
1317,1934
18,1001
1839,2952
2089,2885
208,2156
1342,1839
1501,2624
1650,2113
1392,1618
146,1532
257,2943
148,1665
2189,2421
1342,2624
853,2065
178,379
2088,2173
786,2287
1693,2386
1001,2075
37,2402
307,556
1979,2018
548,2367
901,1086
115,1379
676,1481
1443,2952
2269,2465
1345,2665
522,1876
1610,2743
755,2156
796,2156
676,2122
805,1325
1469,1612
676,1024
1503,2263
1191,2365
529,2506
395,662
135,653
333,2189
401,676
2411,2571
413,2885
1246,1264
898,2970
137,742
1124,2040
2150,2384
1389,2313
529,2639
2151,2615
117,1216
413,1392
1528,2385
1506,2384
103,2102
653,719
374,2572
305,2567
1289,2949
386,676
236,710
742,1575
231,619
676,2049
653,1816
327,1693
1335,2046
1171,2189
2008,2654
92,2150
1693,2173
1214,1359
991,1183
1132,1671
347,1566
776,1299
193,500
921,2685
1015,1289
990,1728
683,2870
1243,1962
1048,1307
676,2628
1028,1030
1065,2426
1150,2539
155,1797
1066,2235
534,2041
1153,1183
1710,2172
2008,2622
483,2900
2029,2993
495,2385
1233,2184
1898,2871
696,2119
2341,2480
493,566
1521,2036
701,799
1243,1358
822,2054
1064,2109
965,2189
676,1502
696,1162
693,2578
2697,2894
178,498
1145,2650
1197,2521
2240,2648
1915,2101
747,1304
915,1406
392,676
413,2365
2001,2584
313,2292
2313,2586
990,1710
1177,2287
78,676
1196,2993
1003,2287
1124,2750
1054,2411
872,1037
2467,2943
155,1281
2694,2775
1972,2121
1795,2054
1962,2341
1113,1934
1979,2794
249,1150
2018,2073
2189,2206
1422,1425
388,1494
1655,2385
1061,1433
901,1549
2088,2165
36,1015
131,2407
1589,2034
653,940
2156,2722
257,1207
1555,2004
2092,2156
522,1943
1950,2889
1342,1710
1609,1923
991,2650
566,2833
900,2287
257,1016
676,1673
863,2010
1753,2765
2240,2647
161,406
11,2508
1018,1737
1387,2787
2177,2202
18,588
2088,2652
423,2696
2090,2943
708,2156
2006,2292
1244,1370
115,2165
1979,2024
1433,2794
77,1477
318,653
499,1289
2653,2746
413,696
111,2287
310,451
395,676
1342,1528
791,2832
1124,2544
898,1345
553,2625
1705,2698
2286,2428
939,2292
21,2542
388,763
676,2699
2364,2503
1448,2156
929,1269
1350,2156
863,2084
2228,2866
2528,2603
2597,2994
2833,2999
1102,1457
1503,1530
1979,2994
259,2235
1194,1474
653,2049
1623,1693
938,1281
516,2864
653,1987
1089,2287
86,1809
28,489
568,2836
142,2314
970,1176
1972,2471
928,2614
1655,2031
81,2675
1086,2534
781,1488
311,1322
23,2156
1979,2571
323,2189
1660,2034
440,2123
676,2455
1674,2156
1342,1914
733,2156
2582,2612
117,588
2287,2703
588,874
2066,2156
990,2574
1305,2815
231,988
1034,2384
1179,2287
716,1617
1054,2685
1633,2287
504,2022
972,2471
1469,1486
1021,2386
2287,2773
1122,1148
146,1010
1974,2376
1693,2539
1453,1804
131,1693
521,1238
676,1448
1296,2891
764,1931
1993,2167
1370,1854
1252,2287
1082,2002
336,827
2031,2310
1608,2665
1913,2189
977,1315
1507,2365
901,1623
676,1539
2124,2287
383,401
1379,1693
1854,2111
30,1289
1034,1154
676,700
1342,2150
1871,1942
1335,2189
101,547
379,2167
196,1231
642,1006
820,2542
379,863
2075,2943
994,1617
413,2694
1016,2885
2855,2985
232,246
1766,2156
37,640
676,1309
587,2156
1466,2376
676,2874
364,960
1021,2675
744,2350
791,2560
765,960
605,988
453,522
2156,2887
413,499
1405,1858
678,765
522,851
2091,2189
771,1197
2287,2620
2332,2815
1015,1244
1302,2705
1630,2156
676,2177
1800,2189
772,1366
911,1917
1634,1752
676,1815
2259,2611
1148,1254
2156,2851
972,2911
1154,2407
2287,2951
1392,2951
2485,2843
1017,2156
1457,2925
1613,2042
381,1166
186,2726
414,720
847,2287
1815,2510
1311,1852
1655,2442
916,2917
2332,2807
1566,2119
1698,2606
243,1663
522,642
653,1936
835,2287
504,1332
1296,2696
209,1335
150,1387
1870,2096
1015,2167
1540,2951
640,2287
2384,2794
720,2189
194,2124
2223,2665
822,1846
377,471
2332,2685
1037,1279
804,2005
605,1443
882,1610
468,1801
1264,1729
2597,2832
526,1653
1404,2525
859,1671
1214,1897
41,2142
925,991
637,1837
148,2116
966,2291
2147,2189
1432,2093
1634,2745
579,1289
1287,2399
1528,1693
471,580
618,2720
1205,1486
676,1180
891,2506
1015,2178
668,2189
2032,2794
313,927
794,1050
676,1658
45,2654
2156,2845
1314,2156
1693,2150
882,1589
1084,1304
113,1652
646,2978
889,2776
561,696
1585,1788
246,2610
1289,2776
566,2787
795,1388
391,2867
606,1742
1660,2743
1366,2150
676,1028
653,2125
200,820
1149,1778
901,1434
676,1639
250,1495
1343,2287
1828,2449
887,1133
45,2386
481,2252
1700,2156
246,1216
1154,2759
763,1037
676,2390
1547,1768
1617,2223
2001,2839
81,1693
832,964
1751,2156
2123,2150
638,1693
129,2616
528,2954
1066,1112
915,2340
2032,2943
1590,2189
2738,2807
194,676
440,2088
22,2399
129,490
1488,2261
388,1566
1081,1186
1116,2532
2488,2720
880,2025
52,2650
1068,2264
1289,2089
493,1345
522,1262
2636,2873
791,1034
493,2788
1532,2471
522,1643
388,2622
857,898
1335,2807
389,465
960,1245
2672,2675
1979,2943
406,1437
2287,2448
534,2912
1034,2365
1611,1715
1225,2002
1034,2112
2384,2420
1074,2496
2943,2952
70,2189
1021,2223
111,1445
155,258
716,2164
273,2202
253,1676
191,2694
30,1618
2156,2945
1757,2385
2156,2602
1015,2629
772,2870
857,2088
962,1007
787,2830
676,1640
114,2539
902,1919
775,2189
456,754
1613,2580
199,676
783,1181
2785,2949
197,2674
376,2156
1305,2636
2286,2833
363,2418
1061,1246
913,1759
7,2557
676,869
1959,2189
141,1071
2110,2476
258,1504
202,676
676,2194
2039,2389
522,2125
590,2684
247,1018
1623,2885
2249,2287
1693,2158
2156,2662
104,2717
430,653
1999,2869
1132,2156
534,2073
499,2625
2156,2955
1801,2701
819,2296
869,2276
561,1086
1737,2189
1166,1345
2287,2359
522,1847
1737,2089
1397,2189
2738,2832
253,2386
2714,2807
815,2156
101,2882
1545,1757
1700,2012
112,2280
2051,2057
848,2684
1409,2301
1723,2925
877,1072
1035,1812
560,2864
920,2352
1528,1770
1504,2600
731,853
2112,2420
1415,2189
490,2471
2616,2779
103,1962
1756,1977
2029,2866
872,2574
676,1730
1323,2156
2150,2794
131,232
2119,2994
1021,1547
1151,1366
872,2075
1610,2110
261,2409
1018,1084
2088,2150
1279,2629
2019,2665
898,2088
231,1617
357,1906
1034,2951
2328,2983
81,1962
131,2952
256,2254
1612,2102
255,1112
440,2539
676,1088
132,2418
579,1166
1540,2105
2287,2686
1074,1443
653,2973
363,2097
1593,1962
1539,2287
958,1561
2618,2679
2173,2952
901,2539
301,1097
926,2151
388,2837
155,2172
572,648
728,2820
252,2123
684,1407
250,2102
2287,2842
716,988
1205,2075
91,2156
445,1704
875,2287
424,1069
747,2787
1154,2943
198,2145
627,2287
2350,2963
428,1933
979,2264
1016,2119
1564,2936
1296,2832
1335,1575
1488,1994
381,561
1424,1463
1783,2624
1979,2173
872,1074
2156,2847
653,1393
739,2287
2788,2806
1833,2156
153,676
634,2586
300,626
236,2795
619,1215
301,1057
2554,2622
534,747
2035,2282
729,1000
791,1424
2189,2857
459,2977
990,2087
30,579
315,643
2189,2475
990,2150
2019,2656
157,163
825,1435
1538,1863
606,2086
915,2580
1540,2810
1433,2384
1447,2330
964,2951
1061,1979
653,2463
253,2687
49,2863
24,542
477,522
896,2920
2502,2576
653,2473
1029,1548
1800,2022
1342,2652
553,716
1247,2365
202,2156
258,1281
854,2437
386,522
2156,2741
2156,2329
258,450
1473,1978
1443,2652
372,1645
575,814
1080,2553
1017,2821
2123,2747
2077,2287
789,2188
653,1677
846,1573
162,1066
1663,1813
1054,2990
1507,1710
1153,1216
854,2287
145,1939
2279,2694
2156,2668
676,1700
1296,2622
2156,2179
522,676
1015,1305
115,2672
1342,2088
66,522
2287,2782
477,653
482,2220
857,2970
86,2488
925,1161
1384,2044
258,857
233,522
1037,1289
634,2313
88,327
126,2189
2172,2652
137,257
876,2156
2014,2287
327,2673
7,1772
975,1228
1304,1305
1243,2130
1757,2088
534,2685
2329,2537
535,1376
313,2550
634,1433
529,2284
522,1192
1020,1564
990,1247
2156,2770
653,2664
351,1425
1506,2102
1488,2279
434,532
792,1457
522,2700
1389,1483
1054,2151
2327,2365
1924,1934
1024,2371
522,606
1426,2832
1161,1281
1064,2400
831,2902
2654,2940
1979,2111
653,2196
302,2500
1607,2496
219,1884
2287,2838
676,2933
522,1648
579,898
676,2297
676,1000
2738,2776
1797,2539
648,2893
1035,2302
1208,1867
1528,1531
2539,2943
2156,2907
1077,2127
1062,2951
368,2189
1614,2684
406,983
1979,2386
364,678
228,2287
375,653
1506,1789
131,1655
676,2061
1013,1304
1243,1623
1443,1979
64,2156
2812,2866
2001,2150
2189,2708
324,2156
1488,2735
170,561
155,1531
388,2735
192,1575
1086,2835
1424,2961
1231,1594
2933,2959
1997,2721
553,925
676,1347
2327,2943
794,2589
30,2970
2341,2380
413,1370
732,1329
111,2156
734,1049
636,1493
2317,2365
178,1145
1325,1890
499,1993
1566,2333
1710,2090
2775,2803
676,1401
631,1367
307,1960
1789,2943
1281,2952
363,413
1379,2165
924,2237
1281,2365
889,1421
1328,1600
1606,2189
451,2068
1,1231
131,2673
379,579
454,2993
2156,2773
630,1611
1410,2287
990,1748
563,834
364,2113
2353,2365
676,1291
1076,2914
2597,2654
1342,2852
1496,2038
566,863
1034,1979
424,2901
1693,2385
765,1728
1623,1736
1342,1433
781,2348
522,2591
902,1289
414,1143
1506,2794
246,1082
709,2156
2088,2090
696,2411
653,1431
676,890
872,1979
1969,2189
2181,2667
720,745
716,1062
1034,2178
451,1068
1611,2970
1630,2287
2477,2718
1770,2656
923,2970
102,1888
148,970
233,2156
1396,2693
2287,2764
898,2075
1162,1444
2803,2804
925,2399
1477,2189
150,814
747,2714
1693,2090
2327,2556
2172,2835
676,1179
1839,2365
1143,1697
413,1245
1037,2625
304,2993
1076,2943
1086,2427
1289,1392
1737,2380
1554,1799
1231,1384
148,1010
791,2651
1069,1358
145,1176
998,2287
765,1034
2143,2148
676,2733
849,1795
844,991
938,1016
2314,2650
2539,2993
1532,2750
996,2189
2806,2815
676,734
1024,2156
236,844
1013,2629
71,2675
1419,2088
1475,1964
478,1345
1066,2100
925,1244
522,2357
352,923
676,2300
2156,2841
2287,2540
1506,1541
2258,2929
500,2518
2050,2056
522,1448
499,1015
2738,2902
1507,1979
254,2156
653,1904
2832,2892
1379,1638
660,1508
204,676
1342,1757
505,2156
493,950
521,657
727,2808
966,2635
2385,2480
1612,2727
48,2510
1176,1504
178,872
1486,1621
872,988
351,791
451,648
2287,2299
530,2583
1815,2387
128,1245
155,2427
605,2952
1154,1761
321,676
752,2970
664,2142
258,1358
1392,2172
1728,2365
909,2962
676,1603
566,2215
134,1513
898,1392
257,2017
676,2722
1453,2021
710,1176
653,2124
1266,2183
1782,2872
1016,1566
11,483
1035,2813
1034,1517
889,2943
1186,1641
1001,2614
669,1463
1752,2746
258,2835
676,893
968,2025
1296,2693
416,1962
288,2156
1956,2446
2156,2840
155,1549
1224,2928
653,699
403,446
71,2952
522,892
676,2458
1051,2287
1246,2327
942,1082
2287,2458
774,1642
1197,2156
2309,2497
250,748
750,1187
115,1443
281,1409
131,1099
1720,2286
653,893
282,653
117,1078
923,1206
1549,2075
872,1728
1419,2112
1948,2287
818,2167
1037,1205
2178,2384
1297,1506
1154,2102
1296,2694
413,1358
35,1392
2092,2189
1390,2156
639,2156
1733,2665
56,1598
1034,2885
972,1176
1239,2156
10,1883
960,2332
1617,1979
18,364
559,1621
2235,2314
582,1111
1419,2302
425,1217
493,2040
773,1540
2192,2661
653,1180
31,449
2123,2176
1245,2167
131,1737
2438,2496
1304,1433
824,2310
2177,2287
2156,2355
857,925
1250,1463
156,2838
1246,2384
1900,2685
176,1625
844,1503
901,1015
874,1549
1789,2032
925,2111
193,522
230,1409
1988,2287
2847,2959
1999,2807
232,1166
259,1573
170,1069
1247,1655
232,901
128,2189
638,1447
1305,2651
2597,2852
1630,2031
279,2943
1596,2189
508,1334
791,1994
132,2852
604,2189
1940,2189
1994,2815
1990,2156
522,1417
131,1566
74,2156
579,1013
2184,2414
902,2685
1737,2696
678,2629
1832,2184
1403,1757
1164,1665
63,2471
1069,1509
676,1907
480,2829
1395,2156
1575,2943
2287,2619
1972,2642
2710,2993
1069,2584
2327,2354
81,605
772,824
2135,2156
1710,2999
653,2840
653,1574
409,2287
516,1102
2002,2104
1086,2279
2038,2156
937,1514
605,2654
600,673
653,2669
902,2587
970,2403
67,2935
452,1079
1612,1977
119,1393
1451,2156
1273,1477
2107,2398
283,2254
1021,1693
1358,2001
1013,1015
762,2446
38,791
1714,2156
1066,1752
1247,1419
1992,2156
923,966
1742,2156
561,874
1086,2951
1342,2385
511,522
1013,1244
1798,1972
630,1366
637,1145
548,1610
676,2922
1389,2312
2156,2669
1246,2385
81,2165
636,676
2201,2949
155,440
1545,1650
1112,2813
2017,2113
1438,2093
522,733
363,2788
869,2287
176,2846
1575,2509
1296,2697
111,653
2696,2804
1630,2150
2049,2287
996,1426
2156,2249
609,2292
2386,2837
676,1714
1035,1634
2217,2503
1447,2017
1111,2758
2158,2385
2879,2890
559,2656
676,1440
257,2113
355,1114
231,901
1652,2189
1034,1617
2745,2956
683,2310
2943,2949
1161,2629
1305,2804
538,545
579,889
40,2375
1433,2365
2537,2838
1419,2480
2951,2970
861,887
1803,2007
1366,2902
1517,2380
236,2113
115,1737
688,1582
1693,2672
1084,1434
490,2428
331,2385
1768,2671
1235,2108
396,653
579,2684
229,1669
278,1003
413,988
2156,2974
30,765
178,493
617,2965
590,2970
758,2442
2088,2672
1287,1757
1078,2114
676,1186
1254,1778
1246,1426
196,2160
1594,2900
2287,2766
412,1759
413,1247
676,2763
480,2284
1021,2943
247,791
258,1176
1905,2818
148,2176
1710,2025
2745,2986
1433,2189
1392,2330
2776,2885
676,786
2223,2769
635,2908
2287,2683
1610,1744
1623,2236
1216,2428
1710,2837
1218,1681
1404,1612
676,2619
202,2287
970,2025
1145,2029
391,1644
1015,1166
2788,2804
388,1138
237,483
62,2189
493,1486
605,1507
1283,1425
676,1270
653,1907
1757,2302
566,1572
872,1342
329,1386
2172,2427
588,2075
901,973
939,2705
1182,2287
600,854
213,2864
1733,2075
483,2492
231,2176
1885,2254
676,1828
2004,2416
163,522
206,2351
676,2907
1447,2730
2189,2308
269,1671
2125,2156
867,1608
534,2266
2287,2871
903,2156
1384,2633
146,1665
1399,1759
246,898
695,2833
423,959
285,1462
416,1021
115,2088
2407,2769
1986,2902
170,1345
1330,2808
2030,2278
1425,2494
649,826
1283,1287
2173,2302
1324,1788
1398,1635
251,834
1783,2163
1205,2837
135,2156
1324,1822
970,1501
1281,1728
636,2287
347,2442
1333,2287
156,319
1281,2354
1173,1313
925,1037
1137,2650
282,2156
2908,2924
1528,1762
634,923
791,1062
522,1829
638,1345
474,2523
271,1945
676,2203
1324,2034
676,1423
1617,1620
1758,2892
2156,2579
966,1504
1902,2028
1,2044
273,2336
1405,2952
1015,2943
863,1509
1305,1575
1070,2618
2156,2299
604,2991
491,2189
413,991
676,2575
676,1894
1069,1356
1381,2095
1518,2156
2408,2773
857,1061
207,2189
30,1015
388,840
413,1281
781,2622
838,2612
676,875
2193,2287
653,2764
1430,2943
676,1929
1106,1237
1016,1979
1990,2287
862,1203
605,1433
352,848
638,1279
2807,2892
381,1366
2217,2597
1433,2178
131,2794
2385,2646
1153,1977
1442,1463
663,2310
990,2384
565,1610
2302,2888
772,2385
1817,2156
1979,2572
1785,2287
676,1141
1335,2835
637,685
1062,1509
2189,2245
522,2845
2156,2231
1477,2886
832,2936
2112,2173
148,1939
973,1389
1236,1979
1137,1420
1348,2156
765,1304
1188,2500
1506,2150
522,2374
284,775
1123,1380
214,237
499,1779
2654,2696
331,846
1076,2075
191,1149
1454,1812
653,1006
763,2243
529,891
1497,2862
131,440
110,536
1710,2332
1788,2216
839,1608
1150,1405
30,2649
2407,2943
2184,2409
366,676
2287,2851
990,1443
534,566
1655,2646
927,1198
440,990
1142,1217
1293,1550
534,1618
765,1279
1122,2123
815,2096
1713,2501
658,2356
1970,2815
1552,2269
1425,1710
793,2495
1135,1621
1247,1549
2428,2500
754,2705
2018,2654
874,2075
676,2871
445,946
1450,2156
579,1433
1630,2442
1908,2917
819,1562
676,2139
716,1345
925,2001
653,738
990,1034
440,2385
1994,2624
2090,2327
1986,2804
128,2600
990,2302
1979,2354
79,529
2156,2196
200,353
628,1291
2746,2995
815,1261
816,2262
143,2281
2327,2655
259,2655
1342,2310
719,2957
197,1966
901,2951
247,2119
521,815
472,1862
758,1034
1733,2438
653,1060
872,1247
423,1463
534,2697
2001,2104
1944,2653
1426,2240
1162,1345
511,676
1393,2704
989,2745
214,2464
1552,2019
1034,1207
2598,2678
1345,2943
376,2287
490,2943
183,2287
553,2113
2330,2812
1589,2743
456,1040
2799,2941
817,2608
872,1084
989,1066
1549,2885
676,1522
542,676
1124,2165
440,1433
1777,2156
890,2287
2026,2815
566,2386
653,1320
1150,1837
1281,1342
676,2954
990,2694
251,653
676,2039
653,1815
569,2191
2385,2943
1756,1769
588,678
1122,1949
2571,2951
664,1054
398,1122
2102,2534
1216,2833
1236,1729
2025,2943
30,2888
676,1647
1015,2539
95,1769
981,1891
54,1114
1021,1418
1040,2765
493,2901
346,2886
596,2189
990,1281
732,1588
1575,2534
2165,2310
65,2559
1342,2654
1130,2156
966,1009
46,508
340,1506
1555,2822
1468,2156
191,1129
1166,1623
1342,2384
914,2771
653,2135
283,1197
325,1519
562,2453
382,2160
1287,2261
1693,2327
495,2001
605,1018
1145,1192
1015,1086
482,2380
2223,2783
765,791
331,2165
579,872
379,1289
123,1915
297,989
1979,2327
1061,2365
676,1987
898,1246
1196,2029
1545,2150
2310,2385
676,2363
1110,1975
170,2970
1303,1788
669,1962
2189,2761
653,2932
748,2936
1358,2111
748,1517
734,2156
1876,2156
816,852
130,2900
2156,2551
460,1000
1013,2776
1549,2951
1167,2156
529,2447
1528,2794
327,2948
678,2046
2189,2640
1151,2035
1342,2302
2156,2297
872,1246
215,2156
2110,2192
1863,2338
1332,2422
105,1901
2156,2842
169,679
131,1972
499,2167
406,2526
2710,2751
1342,1693
450,1162
898,1728
1509,1840
805,2081
676,1742
1404,2106
923,2435
621,2890
1168,2156
772,2243
1177,2156
1240,1822
781,2654
262,1014
898,2629
499,1728
81,2386
1018,1503
1881,2995
968,1501
1696,2842
1997,2189
1305,2590
676,2124
676,2700
1657,2224
550,1763
385,1505
1737,2384
1283,2833
2075,2119
407,469
2781,2853
2680,2699
566,2892
1079,1265
449,2112
873,1807
1979,2150
1312,2707
46,506
748,832
638,1281
2776,2833
606,659
1015,2815
1226,2526
532,1357
139,1500
657,2189
2257,2855
522,1401
227,1671
2075,2951
653,1861
1674,2287
1304,2741
1387,2332
155,2888
761,1111
2069,2287
9,789
1245,1279
131,1034
1565,2941
130,2464
1296,1305
812,2189
2156,2593
1253,2287
738,1645
653,1468
259,413
2292,2820
1360,2747
1281,2189
1552,1768
588,2776
186,2697
676,699
283,910
30,1541
2503,2675
184,676
47,107
297,316
478,664
953,1942
2088,2111
1161,2075
255,1237
493,2928
2039,2156
115,331
414,2798
1037,1728
652,1759
85,2426
1962,2310
2833,2961
857,2943
695,2832
1380,1637
71,81
1979,2181
45,2675
990,2672
1779,2970
2156,2764
1018,2384
564,1152
2447,2786
1463,2035
605,1731
2088,2597
1710,2354
1102,2009
988,1424
2146,2287
2481,2951
1979,2411
1150,1404
2117,2792
1000,1713
854,2156
959,2852
36,863
1037,1281
884,2189
2399,2927
1627,2814
2165,2173
634,1946
381,2496
832,1665
407,2672
1684,2494
2539,2885
1505,1532
241,2287
1029,1120
737,2902
71,2407
343,2156
814,2380
87,676
1682,2665
1166,1979
283,425
1733,2951
194,2156
2165,2480
2111,2442
676,1862
824,2385
100,2350
413,1549
1021,2671
969,1647
395,1239
738,1889
535,2705
848,923
2442,2862
585,2388
874,2678
439,499
1965,2890
863,2720
493,2385
1148,1256
686,2407
763,2629
1733,2614
850,1564
1062,1358
178,1486
1122,1726
297,685
1857,2036
351,2624
1351,1508
1768,2172
1682,2240
2287,2358
1839,2088
2220,2917
193,2913
1616,2287
653,2468
529,2451
898,1037
1453,2869
45,2597
885,2156
1322,2073
447,2494
1066,2995
364,2885
524,2287
1247,1630
2018,2332
1425,2411
1195,2189
588,1205
2017,2901
1309,2445
705,796
522,1948
259,1469
1207,2660
2047,2883
1380,1949
1166,1757
10,706
1352,2189
637,1460
2287,2772
664,2571
2696,2951
1554,2290
961,1169
852,1940
653,2200
963,2840
883,1516
1293,1470
1356,2531
388,2597
676,759
178,2029
881,2275
676,1674
398,2961
2156,2342
2390,2698
1061,1205
309,2292
1264,1979
480,1403
1530,2466
1289,2885
1422,1578
1543,2426
258,1013
676,709
763,928
178,2689
2156,2958
2156,2335
362,468
462,676
740,2110
1296,2616
471,2095
1037,1979
2833,2970
1322,1552
2213,2988
2287,2945
579,2365
1605,1906
2092,2287
1366,2095
522,2687
231,2962
199,2189
351,2261
2189,2410
2394,2887
1345,2172
855,1199
209,2651
1744,1845
1222,2156
522,985
791,2327
2287,2996
1929,2287
1342,1506
1440,2156
1245,2151
960,1013
122,910
109,559
109,1418
1563,1916
990,1205
1979,2208
117,791
331,2671
2239,2287
418,2156
1461,2503
791,2189
169,2786
1016,2539
10,1972
164,972
758,2189
1405,2624
1729,2029
288,2287
10,1266
312,2189
1601,2189
638,1623
1463,1714
63,490
2604,2647
1979,2344
342,676
2197,2290
676,2233
631,766
889,1071
653,2239
72,1107
2625,2943
925,2075
1433,2327
538,2022
186,2428
437,710
2446,2842
174,2292
1788,2743
1566,2111
872,1279
550,910
1695,2729
86,2216
1093,2616
653,2159
196,237
258,1797
2625,2970
354,688
1979,2123
1262,2156
1287,1488
1623,2220
915,1613
109,1135
1062,1908
237,1594
1050,1102
312,1872
818,2910
100,2966
246,1757
199,949
812,2044
676,2473
1994,2892
2365,2384
507,676
452,519
854,2189
1826,2156
955,2189
1976,2403
772,2480
1785,1831
2696,2785
2302,2327
236,416
2151,2571
1508,1541
676,2168
241,653
1146,1498
1427,1630
941,2156
1531,2131
423,2365
2287,2628
1343,2156
2888,2952
972,2622
1507,1914
2156,2473
185,2629
611,1499
185,579
1778,2314
440,1342
327,2181
2236,2263
2365,2407
1190,1789
1424,2496
162,2746
678,857
1433,1986
11,315
522,1989
1431,2456
2418,2556
1335,1422
736,2292
839,2385
991,1634
482,2365
228,676
710,2403
351,2999
653,2287
638,1728
566,2008
631,2166
1783,2539
1987,2287
440,1545
1627,2430
413,964
1037,1358
1536,2389
1419,1528
874,1509
1483,1762
1798,2489
320,2979
1384,2372
447,1979
1247,1433
170,1392
1085,2156
46,535
251,2189
1161,2951
1069,2951
2156,2268
2149,2189
327,2672
153,674
1383,1808
676,2249
1137,1752
615,2287
1671,2185
146,168
1021,1617
246,994
291,2565
1979,1986
1154,1710
2316,2596
1342,2615
9,718
257,2832
1018,1034
653,895
1517,2574
1962,2164
2189,2233
638,990
1443,2385
861,1644
2284,2470
870,2152
678,2787
2113,2949
1640,2287
258,413
2189,2401
1001,1733
324,653
333,2501
676,1051
1,2925
968,1710
2544,2605
98,2129
1531,2656
1783,2787
820,1658
1296,2625
2151,2993
791,2477
2017,2888
696,1161
854,2486
1003,1561
1962,2282
331,2480
1797,2075
194,1911
388,1962
499,1279
131,1076
1255,2156
1066,1812
2160,2908
1117,2278
28,2813
1979,2089
2035,2710
622,728
1539,2156
1162,2719
1152,1725
183,676
193,452
81,1370
413,925
567,2683
819,1066
1166,1342
1135,1151
696,1572
299,1724
215,653
1509,1575
1914,1972
525,1137
653,1645
676,2955
1808,2398
678,1069
1983,2189
2023,2292
711,1003
1757,2993
490,2940
1404,2750
5,2156
1761,2119
925,1205
1001,2951
131,1016
412,2743
653,847
1372,1907
676,2311
474,2816
879,2520
121,2925
110,498
1254,1380
653,2515
566,2779
1561,2189
852,2189
446,1560
2305,2974
2178,2365
2287,2378
1015,2835
925,2651
1549,2427
653,2228
534,2892
1808,2638
1623,2240
1166,1693
1700,2287
117,186
1028,2189
1671,1746
520,1037
1015,1509
1342,1630
1618,2779
1313,2156
1634,1789
1224,2032
463,1905
336,448
2189,2450
2332,2869
2685,2787
1358,2151
83,1796
344,2287
913,2397
989,2123
2112,2539
752,2815
1596,2244
68,987
103,1277
1650,2151
2170,2432
142,1789
89,2651
257,2026
1076,2088
471,2348
1768,1962
1247,2090
1093,2654
2087,2112
781,1864
928,1366
2296,2641
546,2004
1867,2189
319,2537
1421,1655
1247,1497
696,2427
413,1447
1159,2156
1979,2952
795,2286
531,653
1135,2745
2287,2765
922,2287
351,1287
128,1497
193,1780
909,1637
853,1472
233,2287
2228,2689
440,1463
1034,2952
2735,2832
1092,1671
579,1304
483,792
522,1180
676,2697
1419,1710
447,2572
320,2451
522,2177
889,2951
2111,2835
331,2388
522,1529
1287,1505
63,1750
1163,2156
522,1291
1364,2287
79,2677
898,1256
413,928
1399,1610
1247,1693
1034,1433
2093,2247
499,1305
1979,2454
148,972
1073,1964
2189,2358
178,2584
1225,2785
318,1666
1211,2669
676,2335
150,1970
2156,2234
877,1891
2102,2151
1281,2539
646,956
1247,2386
1268,1482
1150,1979
1515,2284
2539,2624
2279,2697
1308,1679
1617,2074
1506,2652
258,1246
594,2287
2332,2775
1574,1784
1825,1980
1401,2156
1525,2823
1981,2182
1463,1536
616,1633
2484,2916
137,2509
30,2787
1264,2649
579,1001
1174,2624
2113,2837
2287,2504
1018,1575
2165,2671
695,895
388,2407
2194,2782
612,837
1342,2411
198,522
742,2938
872,1034
430,2156
653,1661
561,579
168,1283
2189,2662
763,2970
268,2088
1645,2886
2685,2803
886,2189
941,2537
1563,2889
1549,2286
1843,2189
676,2706
2299,2711
1016,2951
1305,2892
772,2380
2112,2208
2203,2287
246,2236
1243,2671
990,1206
1034,1061
150,605
2719,2835
925,2629
2287,2662
704,1193
676,1323
30,178
1034,2684
413,2970
67,2850
2189,2856
1710,2869
886,2705
1527,2451
1527,2506
2685,2804
658,1682
155,1392
600,2406
676,719
522,1011
1139,1589
425,1282
1061,2629
645,648
494,1946
244,2189
1201,2815
734,2287
1045,2156
1443,2088
747,752
42,300
2314,2962
1305,1618
1528,1757
696,1630
2292,2618
6,1823
170,901
109,1612
155,1712
2156,2621
1641,2390
1003,1462
1904,2287
506,535
2696,2999
2677,2953
1761,2596
1358,1979
385,2750
1839,2150
653,2300
1726,2588
716,1733
719,1083
605,2386
1000,2156
1948,2156
678,1247
770,1186
1015,1444
2411,2654
2002,2223
551,2689
479,2582
824,1419
344,1014
223,1858
1858,2705
1661,2287
1586,2156
427,2189
839,1342
122,2474
1757,2002
1001,2835
638,2050
1021,2165
2090,2719
371,2078
2651,2833
1387,2025
2684,2695
727,1589
462,2156
1326,1533
945,2287
388,2001
642,2156
155,1001
1486,1881
1419,2150
1295,2156
153,653
1419,1979
927,1892
490,2718
2002,2095
1176,1283
1705,2390
437,2403
1246,2112
611,692
81,103
1137,2165
231,2539
901,2075
2411,2500
721,832
1971,2622
577,793
973,1908
640,2156
605,1655
246,1021
165,1560
1979,1994
1138,1366
1149,1404
1153,1506
522,2540
1964,2401
676,2077
1737,2993
197,2710
546,2580
30,2776
653,809
1419,1812
1562,2987
522,1177
1565,2589
1463,1505
1710,2952
1021,2259
1007,2423
1281,2050
1634,2987
768,2954
2088,2888
1207,1552
681,1030
1019,2076
432,2674
1358,2075
1433,1622
634,696
868,1549
653,2593
267,307
2088,2667
2597,2943
2500,2873
867,1149
476,676
371,1097
71,1443
145,972
1859,2666
2430,2689
1021,2150
362,1515
676,701
1493,2882
2189,2630
1347,2156
1564,2911
2503,2672
1757,2411
1216,2832
2812,2928
2545,2892
1677,2156
653,2871
1090,2287
925,1979
258,499
141,1506
490,2286
1808,2902
1358,2671
1835,2759
206,1815
676,1436
696,1086
1386,2307
107,291
2347,2998
1749,2167
1997,2763
221,1694
747,2779
186,2286
2287,2435
2102,2647
2287,2366
2697,2735
1289,2260
351,1342
1406,2340
926,1243
1399,1788
327,1379
676,1904
676,2360
1183,2029
1469,2812
2735,2833
1414,2105
1312,2418
1176,2471
131,2385
1358,2629
522,1886
1013,1205
1162,2835
696,1281
2697,2815
1507,2354
352,499
216,602
2189,2881
2178,2427
557,708
1122,1360
435,1671
493,2815
1447,2075
1447,2514
676,2764
653,1323
293,1289
1776,2292
2385,2624
1430,2671
579,1509
420,2526
1689,2189
653,1440
990,1076
2605,2917
1464,2488
1947,2347
1298,2189
639,2287
579,1205
864,2288
131,1419
87,2189
923,1622
1054,2835
245,2469
1246,1737
1283,2869
482,2165
1246,1443
493,1124
2265,2553
212,676
1224,1769
2738,2804
31,2398
604,2287
1422,2693
1465,2156
507,2694
713,1338
676,2064
2060,2946
155,413
782,818
2156,2311
457,1612
461,1166
1303,1585
1607,1733
696,2353
2732,2993
10,1761
1752,2429
676,2066
653,2381
707,1002
1752,2650
257,1062
253,2010
2156,2357
1342,2656
1150,2694
1345,2951
816,2357
178,2228
561,678
2059,2324
1421,2327
1958,2132
958,2156
1154,1757
1287,2735
1307,2127
1034,2892
691,2254
514,2729
726,2551
522,653
1281,1366
1229,1586
522,1276
1044,2287
1405,2888
2156,2740
412,1464
1279,2046
1998,2189
1149,2727
1131,1563
676,1553
195,2290
2102,2150
688,2189
1693,2113
2111,2951
1447,2539
1246,2629
1436,2156
2156,2540
782,2189
440,2112
73,2156
114,2113
1281,2629
1034,1972
2694,2715
2329,2838
522,2954
2614,2656
839,1419
1154,1854
535,1143
231,2715
152,817
447,1358
676,2683
653,1675
162,1752
898,2494
1686,2450
264,913
258,2571
1480,2818
637,2328
2316,2428
1247,2597
945,2156
258,2584
1122,1380
1034,2407
676,984
1245,1392
1247,1509
1749,2539
109,1380
1049,2300
1161,2697
634,1034
392,1425
1808,2310
440,1693
2539,2718
1166,2181
1054,1509
2088,2178
1840,2172
2156,2229
701,2287
874,1733
684,2156
964,2113
131,2102
1281,2090
498,950
1511,2287
2697,2775
1705,2321
1782,2632
174,1721
1617,2113
544,1492
155,2943
388,2584
534,618
2156,2177
1224,1247
909,1634
968,970
1447,2008
676,1006
676,1967
1995,2817
590,1614
847,2461
1737,2411
676,2098
75,2156
131,2597
848,1034
735,1064
522,1024
902,2804
2287,2668
2165,2420
553,2736
786,2156
1424,2610
2411,2994
2164,2993
1795,1920
1770,2302
349,684
653,1439
1952,2446
1935,2943
874,2914
2794,2952
1808,2617
641,1258
1839,2107
131,605
1138,2327
1036,2400
2427,2951
1164,2020
1370,1419
1062,2075
2156,2206
690,2189
1256,2694
653,1118
63,1767
2516,2864
214,2864
1733,2496
1798,2657
991,1256
898,1752
2007,2156
1425,1612
951,1325
758,2943
461,669
257,2949
354,2698
676,1963
489,1199
478,1623
45,71
481,518
958,2069
653,900
758,2365
1405,2386
1281,2888
157,2826
384,2023
644,2189
765,2885
1246,1839
1114,1581
734,2189
2385,2815
732,1822
1236,2279
815,1301
321,2156
583,2789
231,2365
522,2890
941,2184
1562,2747
204,589
522,1007
2173,2646
447,1246
48,1815
389,814
566,2097
696,2914
18,765
1755,1901
1060,2156
2195,2254
1294,2287
1797,2943
2380,2671
1015,2812
103,844
1296,2775
2674,2954
522,1017
1093,2672
232,928
566,1729
1630,2624
522,627
647,1610
2411,2943
1193,2500
1084,2223
834,2705
1209,2681
1140,1757
697,1374
1935,2075
1243,2236
1972,2943
1178,2476
1366,1655
553,588
469,1739
739,2156
110,1076
696,2454
170,1161
1972,2035
1749,2113
1034,1246
1205,1342
988,1247
534,2779
155,1358
1531,2622
1190,1351
1366,2088
2287,2318
1342,2173
379,2807
1213,2853
416,2611
341,653
1342,2001
409,2156
2112,2574
55,676
601,778
1139,1610
1072,1891
1531,1564
576,2328
1737,2385
559,2027
1875,2409
2156,2576
258,1247
129,2596
1375,1609
534,2261
1623,2243
1976,1994
676,2253
2287,2828
1650,2116
1037,1693
579,857
392,994
13,1419
235,2189
2156,2838
1218,2489
826,1217
449,2010
153,533
923,2684
1161,1370
1246,2087
1009,2102
258,678
2156,2371
2189,2208
1246,2697
1768,2425
155,2088
602,2129
155,857
1075,1976
727,2034
656,1757
2696,2869
605,1971
1984,2189
1015,1392
1426,2272
599,623
1381,2001
2097,2616
2189,2947
1757,2019
1443,2888
1447,2494
1789,2503
676,941
909,1712
2100,2641
2189,2552
1135,1612
1111,2036
1358,1623
1646,2986
247,379
1235,2993
676,958
857,1433
676,1350
1062,2172
371,1645
875,2467
627,2156
881,1133
1366,2001
1246,2952
1054,2407
413,2629
518,534
774,2189
123,1260
1192,2189
691,2292
659,2004
522,1235
1762,2313
816,2189
2354,2952
2622,2833
2269,2951
1224,2556
1535,2189
1324,1589
1722,2184
1722,2153
150,534
146,1283
1018,2112
676,2844
1111,2460
447,2545
2082,2403
2113,2611
489,2125
1256,2747
68,1560
2564,2586
844,1532
752,2651
1623,2604
63,2952
2102,2112
1269,2369
461,1366
246,2263
2679,2811
588,2629
1042,2189
115,2671
513,2505
2604,2665
341,522
2156,2233
439,1345
156,941
763,1279
246,1617
676,2417
863,1572
1305,2779
979,2866
653,2194
359,1782
128,2327
74,676
1246,1419
1259,2086
1232,2156
1051,1866
856,2189
699,2287
1196,2256
2738,2775
482,2388
781,1708
522,1869
676,2325
901,2019
579,765
2496,2914
1972,2671
1112,1812
1379,1536
1630,2088
1054,1549
151,846
1032,2127
2943,2993
470,1676
62,745
1479,1631
547,612
2357,2903
1545,2646
653,1803
334,2290
131,2107
2629,2970
2150,2173
338,2189
1364,2980
1323,2865
231,1114
1383,1962
843,1991
960,2803
505,676
968,2719
784,2251
447,1443
990,1789
2279,2951
709,2287
484,2510
2233,2326
11,2492
1429,2189
1389,2333
2102,2163
1345,2622
554,2156
1634,2235
1974,2471
155,2178
515,2292
2,2924
579,2111
2220,2584
337,2446
2333,2586
926,1345
871,2156
872,2943
882,2808
2112,2656
605,990
1599,2993
1434,2625
765,1243
413,579
1122,2745
453,1146
1023,2323
1693,2503
2273,2476
324,2287
2956,2995
1035,1122
249,1124
1869,2156
2086,2917
1061,1506
258,2943
1264,1617
713,1975
2189,2878
1617,2769
1713,1981
2102,2588
115,2310
186,1563
522,534
242,1209
315,2221
1095,2100
605,1447
155,1162
257,388
973,1018
77,862
379,1749
2388,2480
294,794
1246,1366
2553,2677
2156,2635
1655,2089
385,2605
2287,2682
720,2555
136,2290
1951,2184
276,676
516,2484
889,2629
2156,2874
529,2677
155,2970
461,2001
990,1962
1519,2528
1001,2496
1768,2380
1515,2505
645,2292
579,1993
2694,2961
889,1279
1583,1880
676,755
100,2349
925,2656
351,2017
664,2917
801,2189
520,772
458,2325
925,1345
1176,2885
653,999
325,676
245,2189
1637,2525
838,2156
1789,2411
409,676
332,505
930,2857
1282,2634
258,1733
579,1069
187,520
973,1623
1757,2494
2292,2805
2019,2614
1345,2494
155,1013
1404,2710
1634,1840
270,2403
2061,2287
146,1939
972,1463
1533,2156
1488,2201
341,676
1342,2943
2156,2620
964,2279
1152,1377
123,279
859,2688
246,942
2804,2815
553,1015
162,2429
264,1589
1122,2399
1093,2651
1993,2556
1150,2735
537,1380
72,2156
960,1015
1538,2184
587,2287
1114,2745
611,2953
522,1544
36,2189
676,2630
676,1060
829,2287
925,2236
1595,2959
1953,2893
1281,2678
141,1737
881,1644
2365,2794
471,718
471,2691
982,2993
2189,2238
996,1223
1405,2672
1069,2111
803,1807
937,1218
1071,1433
2330,2815
1216,2804
100,2963
1342,1552
2189,2400
928,1434
2292,2762
1069,2365
914,1951
1018,2087
1752,2962
948,1563
81,1342
199,522
2135,2287
178,2776
214,1412
2236,2494
898,1244
561,1733
1174,2163
2353,2952
1915,2260
2156,2702
2385,2539
522,1751
2681,2819
264,1139
2451,2583
413,1304
397,1290
1283,1665
1424,1733
1111,1445
73,676
11,1594
1024,2189
78,2156
1122,2747
804,1604
898,1279
1084,2776
1433,1617
653,713
976,2727
1809,2342
1419,1962
676,1364
274,2156
1639,2156
1299,2685
522,2448
2357,2761
1643,2156
676,2887
768,1920
363,2815
522,739
1069,1161
2500,2912
2113,2718
1009,1714
831,832
425,684
11,2799
1562,1634
1806,2758
1988,2156
398,2573
1720,2659
1399,2377
2201,2735
231,1062
817,2739
1072,1858
396,522
193,1340
634,2759
1166,1244
1515,2487
1490,2291
901,2095
2727,2750
209,2103
469,1335
2084,2751
127,2189
1757,2119
1537,2156
1733,2019
20,2156
1962,2165
1007,2635
1144,1273
2825,2848
652,1589
501,1646
2019,2949
968,1007
925,1617
356,1778
1017,2532
588,960
272,2156
194,1523
2624,2697
2189,2609
874,1281
588,2150
148,2573
1041,2540
2625,2636
902,1335
1394,2156
258,1015
933,2189
2235,2669
1578,2509
1808,2993
738,2886
186,1767
450,1069
1531,2151
878,1110
1804,1976
392,1517
2189,2322
1764,2189
696,2902
1405,2010
559,833
1433,1914
574,2414
1507,2165
258,2951
1728,2075
1015,2776
2622,2832
1575,2788
1505,2750
1962,1979
579,1061
1425,1979
222,557
710,2804
995,2931
1145,1621
1575,2694
421,2189
2384,2943
898,2951
22,781
916,2093
1369,1995
2631,2647
763,2943
952,2357
339,2297
327,638
2053,2394
131,2123
1693,2151
1779,2167
439,1484
199,2156
676,2448
1342,2407
676,2334
719,2156
605,1138
676,945
343,676
375,2156
384,1937
988,2943
1021,2302
441,1003
566,2718
2807,2901
1757,1935
178,960
826,1957
237,1231
198,386
522,2959
1361,1637
2019,2496
1589,1788
1283,2102
1971,1979
2008,2539
653,684
2132,2946
1468,2287
588,1370
223,820
676,936
1296,2738
2735,2999
1917,1926
531,2522
896,2959
162,989
1324,2743
483,1384
2260,2441
2156,2382
54,1360
1425,2236
413,2812
2271,2287
677,2697
1037,1061
2008,2316
275,1147
1578,1757
327,1380
170,231
1610,1915
990,1447
1281,2622
676,1222
1297,1979
1445,2528
2279,2775
2571,2651
676,1348
1278,2189
925,2917
1137,2040
2123,2961
605,2113
1149,1752
117,2003
2088,2302
2265,2915
938,1018
2611,2646
2156,2733
1069,2075
1156,1782
413,1620
181,2287
2233,2287
1784,2156
107,1166
1630,2189
232,2951
566,2654
86,2743
112,2156
1124,2108
346,2861
2189,2431
522,2061
653,2039
763,1728
2327,2442
2156,2381
522,809
1206,1216
893,2156
1150,2815
640,653
1141,2156
1025,1705
1350,2287
216,2466
2625,2776
567,1399
2386,2654
482,1757
1061,1566
164,1939
2336,2412
198,2156
678,2167
0,2189
2189,2896
461,2095
1032,1307
2172,2388
2189,2541
763,1366
423,2849
1069,1789
653,676
1979,2427
232,1246
2179,2189
696,960
872,2494
727,1660
1979,2172
2024,2596
963,2156
170,1037
2654,2837
676,1127
2302,2994
1979,1993
388,901
557,2184
1137,2962
1251,2189
2287,2840
1245,1246
959,2719
676,2016
246,926
2327,2862
447,2074
363,2807
477,2156
653,2311
1366,1370
1976,2651
1062,1617
598,2189
1861,2156
1486,1508
1296,2279
1808,2914
117,2718
615,2189
155,925
2026,2509
656,990
388,1531
94,470
2330,2943
1304,2365
2494,2837
1107,2189
2011,2295
305,653
1488,2074
1034,2090
394,452
167,2562
1342,2837
1069,1086
605,2418
820,1226
654,826
2072,2189
348,1274
1196,1888
176,2370
611,2583
1021,2672
1977,2745
1591,2189
131,2420
763,1405
525,1881
1351,1637
1145,1460
461,1770
752,2622
1154,2087
2075,2427
490,2605
1769,2151
357,1879
205,2189
1405,2970
923,1034
537,2694
490,2316
1417,2288
2450,2663
1336,1846
342,2287
556,1577
2151,2158
809,2287
2150,2494
1039,2189
1620,2795
613,1858
277,2710
231,2471
1962,2652
676,1263
155,450
925,2427
522,2366
2287,2305
2229,2347
727,1801
471,2501
1188,1710
1668,2432
2156,2683
2287,2591
1148,1149
320,2583
1229,2578
511,2812
135,676
413,2088
2244,2499
588,1054
597,1460
1021,2181
586,2500
148,1712
2873,2949
1824,2287
1536,1545
23,2177
342,653
432,2954
1037,1084
2020,2102
1152,1897
1063,2782
1207,2956
819,2671
999,2156
1425,1578
898,1069
694,1109
440,2327
653,1716
1384,2908
1216,1281
1216,2891
1979,2651
424,1693
566,2837
691,1902
1869,2063
1034,2943
1054,1086
938,1737
545,1671
1469,2641
89,1398
1482,1526
986,2100
1469,2813
1761,2577
2444,2498
1244,1638
676,2945
985,2287
1506,1531
26,612
2156,2400
363,974
605,2165
244,767
57,636
2088,2425
1589,1660
1433,1693
152,2156
903,2287
111,248
2673,2727
1552,1839
718,1293
2150,2646
1342,2480
447,1153
148,168
413,2075
282,2287
2696,2710
2189,2823
2156,2204
178,579
148,311
1313,2287
2189,2924
2454,2880
1093,2779
258,1062
78,2287
60,1645
1015,2665
474,2156
388,2943
402,1048
2020,2936
2630,2663
71,407
1534,2797
1054,1358
2084,2330
30,363
1770,2088
2156,2697
174,2756
1229,2508
857,2075
388,1757
631,817
89,2163
676,1003
1493,2189
413,765
454,1043
763,1084
311,1552
763,1638
141,2719
5,2287
125,2477
1016,2993
1082,1225
1972,2538
124,674
90,2189
556,1873
231,258
1797,2111
909,2429
488,2147
76,2965
1342,2380
1246,2178
1939,2563
232,1247
2156,2378
2429,2745
413,1037
490,1387
874,2629
1061,1161
1962,2243
1118,2156
473,564
553,2914
198,676
1034,2888
1196,2110
544,2189
1206,1979
703,941
464,676
115,461
2150,2386
416,2577
307,2801
653,1640
1138,2794
676,1645
170,2862
528,1257
1443,2951
1465,2287
388,2539
653,2366
1506,2672
1028,1766
1552,2554
2156,2922
246,1930
1506,2088
2386,2672
1040,1273
481,534
2310,2870
2287,2669
898,1370
534,1038
710,1122
2114,2189
461,2172
433,1981
590,1453
242,1982
2693,2943
527,2756
972,1505
1693,2656
676,1948
861,1211
525,559
653,1481
1074,1623
1595,2128
385,2471
653,1664
1305,2167
2430,2729
296,522
436,1519
312,2397
2287,2687
1710,1970
814,1388
2694,2696
1206,2156
156,703
906,1981
363,490
1185,2769
246,2075
1720,2616
141,2102
18,2956
522,2069
653,1727
2073,2869
356,2235
857,874
117,2084
450,2111
1405,2735
121,1050
882,932
2215,2365
2418,2779
676,1262
